{
  "runExecutorServer": true,
  "runExecutorClient": false,
  "runExecutorClientMultithread": false,

  "runHashDBServer": true,
  "runHashDBTest": false,

  "runAggregatorServer": false,
  "runAggregatorClient": false,

  "runFileGenBatchProof": false,
  "runFileGenAggregatedProof": false,
  "runFileGenFinalProof": false,
  "runFileProcessBatch": false,
  "runFileProcessBatchMultithread": false,
  "runFileExecutor": false,

  "runKeccakScriptGenerator": false,
  "runKeccakTest": false,
  "runStorageSMTest": false,
  "runBinarySMTest": false,
  "runMemAlignSMTest": false,
  "runSHA256Test": false,
  "runBlakeTest": false,
  "runECRecoverTest": false,

  "executeInParallel": true,
  "useMainExecGenerated": true,

  "saveRequestToFile": false,
  "saveInputToFile": false,
  "saveDbReadsToFile": false,
  "saveDbReadsToFileOnChange": false,
  "saveOutputToFile": false,
  "saveProofToFile": false,
  "saveResponseToFile": false,
  "saveFilesInSubfolders": false,

  "loadDBToMemCache": true,
  "loadDBToMemCacheInParallel": false,
  "loadDBToMemTimeout": 30000000,
  "dbMTCacheSize": 16384,
  "dbProgramCacheSize": 16384,

  "opcodeTracer": false,
  "logRemoteDbReads": false,
  "logExecutorServerInput": false,
  "logExecutorServerInputGasThreshold": 0,
  "logExecutorServerResponses": false,
  "logExecutorServerTxs": true,

  "executorServerPort": 50071,
  "executorROMLineTraces": false,
  "executorTimeStatistics": false,
  "executorClientPort": 50071,
  "executorClientHost": "127.0.0.1",
  "executorClientLoops": 1,

  "hashDBServerPort": 50061,
  "hashDBURL": "local",
  "dbCacheSynchURL_disabled": "127.0.0.1:50061",

  "aggregatorServerPort": 50081,
  "aggregatorClientPort": 50081,
  "aggregatorClientHost": "127.0.0.1",
  "aggregatorClientMockTimeout": 10000000,
  "aggregatorClientWatchdogTimeout": 60000000,

  "mapConstPolsFile": false,
  "mapConstantsTreeFile": false,

  "inputFile": "testvectors/aggregatedProof/recursive1.zkin.proof_0.json",
  "inputFile2": "testvectors/aggregatedProof/recursive1.zkin.proof_1.json",

  "outputPath": "runtime/output",
  "configPath": "config",

  "zkevmCmPols_disabled": "runtime/zkevm.commit",
  "zkevmCmPolsAfterExecutor_disabled": "runtime/zkevm.commit",
  "c12aCmPols": "runtime/c12a.commit",
  "recursive1CmPols_disabled": "runtime/recursive1.commit",
  "recursive2CmPols_disabled": "runtime/recursive2.commit",
  "recursivefCmPols_disabled": "runtime/recursivef.commit",
  "finalCmPols_disabled": "runtime/final.commit",
  "publicsOutput": "public.json",
  "proofFile": "proof.json",

  "databaseURL": "postgresql://prover_user:prover_pass@zkevm-state-db:5432/prover_db",
  "dbNodesTableName": "state.nodes",
  "dbProgramTableName": "state.program",
  "dbMultiWrite": true,
  "dbConnectionsPool": true,
  "dbNumberOfPoolConnections": 206,
  "dbMetrics": false,
  "dbClearCache": false,
  "dbGetTree": false,
  "dbReadRetryDelay": 100000,
  "cleanerPollingPeriod": 600,
  "requestsPersistence": 3600,
  "maxExecutorThreads": 100,
  "maxProverThreads": 8,
  "maxHashDBThreads": 100,

  "fullTracerTraceReserveSize": 262144
}
